<?xml version="1.0" encoding="UTF-8"?>
<manifest identifier="MANIFEST_66efbfac43b9234a" 
          xmlns="http://www.imsglobal.org/xsd/imscp_v1p1"
          xmlns:imsqti="http://www.imsglobal.org/xsd/imsqti_v2p1"
          xmlns:xsi="http://www.w3.org/2001/XMLSchema-instance"
          xsi:schemaLocation="http://www.imsglobal.org/xsd/imscp_v1p1 
                              http://www.imsglobal.org/xsd/imscp_v1p1.xsd
                              http://www.imsglobal.org/xsd/imsqti_v2p1 
                              http://www.imsglobal.org/xsd/imsqti_v2p1.xsd">
  
  <metadata>
    <schema>QTI Package</schema>
    <schemaversion>2.1</schemaversion>
  </metadata>
  
  <organizations/>
  
  <resources>
    <resource identifier="test_resource" type="imsqti_test_xmlv2p1" href="tests/test.xml">
      <file href="tests/test.xml"/>
      <dependency identifierref="res_item_1"/>
      <dependency identifierref="res_item_2"/>
      <dependency identifierref="res_item_3"/>
      <dependency identifierref="res_item_4"/>
      <dependency identifierref="res_item_5"/>
      <dependency identifierref="res_item_6"/>
      <dependency identifierref="res_item_7"/>
    </resource>

    <resource identifier="res_item_1" 
              type="imsqti_item_xmlv2p1" 
              href="items/item_1.xml">
      <metadata>
        <imsqti:qtiMetadata>
          <imsqti:interactionType>choiceInteraction</imsqti:interactionType>
        </imsqti:qtiMetadata>
      </metadata>
      <file href="items/item_1.xml"/>

    </resource>

    <resource identifier="res_item_2" 
              type="imsqti_item_xmlv2p1" 
              href="items/item_2.xml">
      <metadata>
        <imsqti:qtiMetadata>
          <imsqti:interactionType>choiceInteraction</imsqti:interactionType>
        </imsqti:qtiMetadata>
      </metadata>
      <file href="items/item_2.xml"/>

    </resource>

    <resource identifier="res_item_3" 
              type="imsqti_item_xmlv2p1" 
              href="items/item_3.xml">
      <metadata>
        <imsqti:qtiMetadata>
          <imsqti:interactionType>choiceInteraction</imsqti:interactionType>
        </imsqti:qtiMetadata>
      </metadata>
      <file href="items/item_3.xml"/>

    </resource>

    <resource identifier="res_item_4" 
              type="imsqti_item_xmlv2p1" 
              href="items/item_4.xml">
      <metadata>
        <imsqti:qtiMetadata>
          <imsqti:interactionType>choiceInteraction</imsqti:interactionType>
        </imsqti:qtiMetadata>
      </metadata>
      <file href="items/item_4.xml"/>

    </resource>

    <resource identifier="res_item_5" 
              type="imsqti_item_xmlv2p1" 
              href="items/item_5.xml">
      <metadata>
        <imsqti:qtiMetadata>
          <imsqti:interactionType>extendedTextInteraction</imsqti:interactionType>
        </imsqti:qtiMetadata>
      </metadata>
      <file href="items/item_5.xml"/>

    </resource>

    <resource identifier="res_item_6" 
              type="imsqti_item_xmlv2p1" 
              href="items/item_6.xml">
      <metadata>
        <imsqti:qtiMetadata>
          <imsqti:interactionType>textEntryInteraction</imsqti:interactionType>
        </imsqti:qtiMetadata>
      </metadata>
      <file href="items/item_6.xml"/>

    </resource>

    <resource identifier="res_item_7" 
              type="imsqti_item_xmlv2p1" 
              href="items/item_7.xml">
      <metadata>
        <imsqti:qtiMetadata>
          <imsqti:interactionType>textEntryInteraction</imsqti:interactionType>
        </imsqti:qtiMetadata>
      </metadata>
      <file href="items/item_7.xml"/>

    </resource>
  </resources>
</manifest>